0,-77.2,1.9,2.56,1.03,0,1
1,-63.5,2.73,2.79,1.32,0,0.5
2,-43.7,2.45,4.57,0.67,0,8
3,-43.3,2.21,4.51,0.64,0,8
4,-43.6,1.52,4.51,0.68,0,8
5,-43.8,1.91,4.52,0.77,0,8
6,-44.3,2.09,4.51,0.67,0,8
7,-44.5,2.46,4.49,0.66,0,8
8,-44.6,2.25,4.4,0.66,0,8
9,-44.2,2.4,4.45,0.71,0,8
10,-44,2.25,4.33,0.77,0,8
11,-44.2,1.87,4.47,0.73,0,8
12,-44.4,1.73,4.44,0.71,0,8
13,-44.2,2.18,4.54,0.65,0,8
14,-43.3,2.14,4.56,0.63,0,8
15,-44,2.21,4.5,0.73,0,8
16,-44,2.1,4.46,0.72,0,8
17,-44.7,2.62,4.53,0.72,0,8
18,-44.7,2.03,4.51,0.69,0,8
19,-44.8,1.29,4.36,0.81,0,8
20,-45.6,1.7,4.45,0.85,0,8
21,-45.5,2,4.46,0.75,0,8
22,-45.3,1.88,4.46,0.81,0,8
23,-45.5,2.05,4.59,0.68,0,8
24,-45.1,2.01,4.53,0.76,0,8
25,-45.4,2.13,4.41,0.84,0,8
26,-44.9,2.11,4.45,0.78,0,8
27,-45.4,1.27,4.28,0.84,0,8
28,-46.3,2.27,4.35,0.71,0,8
29,-46.9,2.09,4.35,0.83,0,6.75
30,-46.5,2.27,4.28,0.82,0,6.44
31,-46.6,2.62,4.29,0.73,0,6.94
32,-47.9,1.98,4.26,0.78,0,8
33,-46.8,1.52,4.2,0.78,0,8
34,-45.8,1.56,4.28,0.64,0,8
35,-46.7,2.14,4.15,0.67,0,8
36,-47,2.24,4.18,0.66,0,8
37,-45.7,2.01,4.24,0.64,0,8
38,-45.3,2.18,4.24,0.73,0,8
39,-46.3,1.77,4.21,0.72,0,8
40,-47.7,1.75,4.16,0.7,0,8
41,-47.3,1.64,4.17,0.81,0,8
42,-47.8,1.27,4.27,0.74,0,8
43,-48.6,2.39,4.11,0.87,0,8
44,-48.2,2.17,4.11,0.92,0,8
45,-48.3,2.1,4.12,0.8,0,8
46,-48.3,2.37,4.15,0.87,0,8
47,-49.3,1.6,4.05,0.81,0,8
48,-49.5,1.8,3.99,0.78,0,8
49,-49.4,1.19,4.08,0.78,0,8
50,-49.8,1.5,4.05,0.8,0,8
51,-49.9,2.06,4,0.95,0,8
52,-49.5,2.26,4.02,0.77,0,8
53,-49.3,2.3,3.92,0.86,0,8
54,-49.7,2.34,4.03,0.73,0,8
55,-49.7,1.89,4.07,0.76,0,7.94
56,-50.6,1.27,3.7,1.01,0,7.63
57,-51.2,1.62,3.95,0.82,0,7.31
58,-51.8,1.97,3.83,0.95,0,6.63
59,-52.3,2.2,3.71,0.95,0,6.13
60,-51.8,2.51,3.72,0.94,0,4.63
61,-51.9,2.28,3.7,0.95,0,3.5
62,-52.5,1.56,3.82,0.87,0,2.56
63,-54,2.23,3.52,1.12,0,1.5
64,-56.4,1.88,3.49,1.29,0,0.75
65,-58.5,1.42,3.23,1.47,0,6.31
66,-57.7,2.06,3.1,1.54,0,6.44
67,-57.4,3.59,3.04,1.59,0,4.81
68,-58.2,1.5,3.08,1.5,0,4.94
69,-57.7,2.42,3.11,1.56,0,2.69
70,-57,1.27,3.09,1.57,0,3.94
71,-57.1,1.37,3.45,1.38,0,3.69
72,-56.8,1.54,3.32,1.47,0,5
73,-56.6,1.81,3.28,1.52,0,7.13
74,-55.4,1.48,3.3,1.47,0,6.44
75,-54.2,1.84,3.7,1.65,0,4.13
76,-52.5,2.08,4.14,1.46,0,7.56
77,-49.2,1.84,4.35,1.21,0,6.94
78,-47.4,1.66,4.35,1.03,0,6.63
79,-45.2,1.59,4.39,1.07,0,5.56
80,-45.3,1.52,4.5,1.03,0,7.38
81,-44.2,3.03,4.77,1.07,0,4.88
82,-42.7,2.35,4.62,0.99,0,7.69
83,-43.1,2.66,4.45,0.93,0,7.94
84,-42.6,2.45,4.54,0.92,0,7.94
85,-38.5,2.6,4.35,0.93,0,7.56
86,-34.9,3.35,4.46,0.66,0,6.5
87,-36.3,3.05,4.5,0.71,0,7.44
88,-36.6,2.52,4.49,0.82,0,7.69
89,-34.8,3.11,4.51,0.71,0,7.5
90,-32.7,3.48,4.43,0.73,0,7.13
91,-32.3,3.44,4.53,0.7,0,5.38
92,-33.1,3.51,4.36,0.77,0,5
93,-33.6,3.48,4.41,0.7,0,4.56
94,-36.6,2.86,4.49,0.77,0,4.56
95,-39.4,2.86,4.21,0.89,0,3.88
96,-41.6,3.48,4.31,0.99,0,2.81
97,-47.1,2.79,4.13,1.17,0,1.88
98,-49.7,2.47,4.19,1.29,0,1
99,-43.2,2.85,5.06,1.02,0,2.44
100,-36.2,1.69,4.94,0.9,0,8
101,-35.1,2.09,4.79,0.94,0,8
102,-35.5,2.39,4.82,0.91,0,8
103,-34.3,2.16,4.94,1.09,0,8
104,-34.1,2.59,4.66,1.21,0,8
105,-33.9,1.85,4.92,1.12,0,8
106,-36.4,1.77,4.82,1.03,0,8
107,-35.2,1.75,4.92,1.01,0,8
108,-34.1,1.62,4.55,1.14,0,8
109,-32.7,2.28,4.53,1.16,0,8
110,-30.7,2.68,4.14,1.18,0,8
111,-29.6,2.72,3.83,1.3,0,8
112,-29.1,2.68,4.21,1.3,0,8
113,-28.6,2.68,4.38,1.36,0,8
114,-27.3,2.64,4.63,1.15,0,8
115,-27.5,2.68,4.43,1.26,0,8
116,-26.8,2.72,4,1.34,0.25,8
117,-27.1,2.72,3.84,1.26,0.5,8
118,-27.3,2.68,3.86,1.28,0.25,7.69
119,-27.7,2.72,4.49,1.26,0,8
120,-27.5,2.75,4.5,1.19,0,6.63
121,-26.7,2.72,4.7,1.42,0,6.25
122,-25.4,2.59,5.11,1.31,0,8
123,-23.9,2.72,5.17,1.38,0,7.56
124,-19.9,2.79,5.88,1.52,0,5
125,-19.3,2.75,6.49,1.39,0,3.44
126,-17.7,2.72,6.22,1.13,0,2.75
127,-21.1,2.72,5.78,1.16,0,5.19
128,-27.2,2.72,5.05,1.22,0,8
129,-27.7,2.75,5.39,1.01,0,8
130,-27.9,2.72,5.39,1.02,0,8
131,-25.5,2.72,5.4,0.93,0,8
132,-22.1,2.81,5.37,1.03,0,8
133,-18.6,2.72,4.91,1.32,0,7.81
134,-18.2,2.59,4.73,1.41,0,6.19
135,-16.8,2.72,4.35,1.45,0,6.19
136,-20,2.72,4.69,1.31,0,6.75
137,-24.1,2.72,5.12,1.18,0,5.38
138,-29.5,2.72,4.9,1.39,0,5.19
139,-32.1,2.72,4.79,1.4,0,5.75
140,-34,2.39,5.07,1.26,0,4.44
141,-37,1.77,4.99,1.48,0,5.13
142,-38.4,1.19,4.63,1.72,0,4
143,-37.6,2.14,4.39,1.46,0,5.81
144,-37,1.37,4.61,1.48,0,4.31
145,-36.6,1.77,4.74,1.19,0,3.63
146,-39.2,2.15,4.6,1.19,0,3.31
147,-43.4,1.29,4.41,1.33,0,3.56
148,-46.7,1.09,4.08,1.35,0,2.75
149,-49.5,1.29,3.86,1.44,0,3.5
150,-54.9,1.37,3.72,1.58,0,3.13
151,-57.3,1.58,3.37,1.62,0,5.5
152,-58.5,1.88,3.09,1.51,0,5.44
153,-59.1,1.58,3.17,1.53,0,3.94
154,-59.8,1.37,3.23,1.55,0,3.31
155,-58.1,1.77,3.55,1.56,0,2.44
156,-58,1.56,3.6,1.77,0,2.31
157,-58.3,1.77,3.35,1.98,0,1.81
158,-56.6,1.42,3.98,2.06,0,0.63
159,-54,1.62,4.71,1.9,0,0.81
160,-51.7,1.48,4.29,1.93,0,0.69
161,-49.5,1.72,4.47,1.68,0,0.88
162,-49.9,1.29,4.98,1.41,0,0.69
163,-50.3,1.72,4.57,1.61,0,2
164,-51,1.54,4.68,1.57,0,3.19
165,-51.2,1.53,4.36,1.72,0,0.69
166,-51.7,2.06,4.61,1.58,0,0.81
167,-50.7,1.58,4.89,1.41,0,1.88
168,-50.6,1.78,4.84,1.33,0,2.63
169,-51.8,1.17,4.65,1.57,0,3.88
170,-51.6,1.62,4.59,1.59,0,2
171,-50.6,1.39,4.61,1.5,0,3.38
172,-48.6,1.52,4.63,1.25,0,2.5
173,-40.6,2.44,4.52,0.76,0,8
174,-36.7,2.59,4.36,0.67,0.25,8
175,-36.5,2.27,4.23,0.77,0.5,8
176,-35.2,2.48,4.23,0.77,0.25,8
177,-35.8,2.04,4.28,0.76,0.25,8
178,-36,2.61,4.12,0.84,0.5,8
179,-36.9,1.77,4.08,0.98,0.25,8
180,-36.7,2.36,4.18,0.84,0,8
181,-36.2,2.36,4.25,0.76,0.5,8
182,-35.4,2.31,4.07,0.81,0.63,8
183,-37.2,2.52,4.16,0.76,0.5,8
184,-37.8,2.06,4.29,0.75,0.38,8
185,-37.6,2.35,4.22,0.76,0.38,8
186,-38.6,1.84,4.2,0.68,0.5,8
187,-38.4,2.85,4.35,0.53,0.5,8
188,-39.6,3.06,4.3,0.6,0.88,8
189,-39.7,1.52,4.35,0.69,0.63,7.31
190,-40.1,1.95,4.21,0.72,0.13,6.63
191,-40.7,1.93,4.28,0.59,0,7.44
192,-41.6,1.93,4.29,0.62,0,5.88
193,-41.1,1.81,4.3,0.61,0,6.13
194,-43.2,2.31,4.27,0.65,0,5.81
195,-49.4,2.06,4.23,0.81,0,3.75
196,-53.3,1.64,4.1,1.21,0,4.06
197,-48.9,1.34,4.36,1.04,0,4.31
198,-50.1,1.52,4.39,1.09,0,2.94
199,-50.4,1.97,4.31,1.01,0,1.94
200,-47,1.93,4.42,0.76,0,1.13
201,-49.1,1.47,4.51,1.06,0,1.13
202,-47.3,1.97,4.62,0.89,0,0.94
203,-47.6,1.37,4.79,1.15,0,1.44
204,-46.1,1.97,4.92,1.1,0,0.75
205,-46.3,2.98,5.12,0.87,0,1.06
206,-49.8,1.76,4.87,1.31,0,0.81
207,-49.8,1.44,4.93,1.41,0,0.88
208,-51.2,1.78,4.81,1.51,0,1.38
209,-48.3,1.81,4.82,1.25,0,0.94
210,-48.6,1.37,4.76,1.29,0,1.25
211,-49.3,1.92,4.76,1.33,0,1
212,-46.8,1.88,4.95,1.11,0,2.06
213,-40.4,3.82,4.88,0.71,0,1
214,-39.9,3.69,4.87,0.72,0,1.56
215,-39.9,2.86,4.86,0.7,0,1
216,-41.4,2.45,5.02,0.85,0,1.25
217,-42.1,1.68,5.28,0.9,0,3.63
218,-40.1,2.53,5.14,0.71,0,4.38
219,-40.7,1.79,5.06,0.77,0,3.13
220,-40.9,2.86,5,0.79,0,2
221,-39.3,4.43,5.09,0.59,0,0.94
222,-40.2,4.15,5.33,0.56,0,1.06
223,-38.3,4.92,5.57,0.56,0,1.63
224,-35.7,5.27,5.93,0.61,0,2.88
225,-35.4,5.28,6,0.64,0,1.88
226,-34.8,4.38,5.92,0.6,0,3.13
227,-33.5,4.44,5.91,0.55,0,6.06
228,-32.7,5.27,5.94,0.51,0,5.13
229,-30.8,5.26,5.85,0.56,0,4.88
230,-29.9,5.26,5.92,0.62,0,4.13
231,-27.1,5.34,5.88,0.61,0,3.13
232,-26.9,5.38,5.79,0.55,0,2.19
233,-26.5,5.42,5.83,0.59,0,1.44
234,-27,5.43,5.96,0.54,0,1.06
235,-25.6,5.64,6.25,0.45,0,1.25
236,-23.4,5.71,6.44,0.41,0,1.38
237,-23.8,5.8,6.55,0.4,0.5,1.13
238,-22.8,5.84,6.62,0.34,0.5,0.94
239,-23.8,5.97,6.57,0.37,0,1.5
240,-24.5,5.92,6.7,0.51,0,1.25
241,-23.5,4.79,6.71,0.47,0,1.25
242,-21.6,6.09,6.75,0.39,0,1.13
243,-22,6.03,6.9,0.44,0,1.44
244,-21.1,6.01,6.8,0.54,0.38,1.75
245,-25.2,6.16,6.8,0.42,0.5,1.13
246,-25,6.45,7.06,0.41,0.38,1.13
247,-27.4,6.66,7.22,0.34,1.38,0.88
248,-28.8,6.87,7.32,0.28,1.75,0.81
249,-34.8,4.48,7.46,0.67,1.25,0.63
250,-29.1,7.43,7.62,0.34,2.38,1.13
251,-29.1,7.46,7.62,0.27,2.63,1.56
252,-24.6,7.51,7.56,0.19,1.13,0.88
253,-27.3,7.53,7.6,0.24,1.13,1.38
254,-28.6,7.52,7.63,0.33,1.88,1.88
255,-28.4,7.51,7.6,0.21,1.13,1.38
256,-28.7,7.47,7.62,0.18,0.5,1
257,-26.4,7.46,7.64,0.18,1.38,1.06
258,-25.9,7.6,7.69,0.15,2.75,1.69
259,-26.2,7.6,7.71,0.18,2.75,0.75
260,-21.8,7.61,7.75,0.19,2.25,0.56
261,-19.5,1.76,3.42,1.24,2.38,8
262,-21.1,2.55,3.18,0.78,2.13,8
263,-20.9,2.43,3.34,0.92,1.75,8
264,-19.9,2.43,2.94,0.68,1.5,8
265,-21.9,2.1,3.24,0.96,0.88,8
266,-21,2.47,3.09,0.76,1.13,8
267,-19.3,2.27,3.08,0.81,2.38,8
268,-21.1,2,2.96,0.76,2.25,8
269,-21.2,2.43,3.02,0.71,1.88,8
270,-21.6,2.14,2.93,0.72,2.63,8
271,-21.7,2.1,3.14,0.83,3.75,8
272,-20.7,2.14,3.1,0.8,3.63,8
273,-21.8,1.87,3.24,0.9,2.38,8
274,-22.7,2.36,2.83,0.63,3.63,8
275,-22.1,2.34,3.03,0.73,3.75,8
276,-20.9,2.08,3.21,0.7,1.75,8
277,-23.2,2.16,2.96,0.69,1.75,8
278,-24.7,2.27,3.07,0.8,1.88,8
279,-25,2.14,2.97,0.83,3.13,8
280,-25.1,2.09,3.05,0.78,3.63,8
281,-25.1,2.25,3.26,0.81,3.13,8
282,-26.6,2.33,3.05,0.77,2.5,8
283,-29.3,2.43,3.18,0.92,1.25,8
284,-29.9,2.47,3.28,0.93,2.13,7.75
285,-30.3,2.3,3.13,0.92,2.38,6.94
286,-34.2,2.33,3.34,1.02,0.88,5.44
287,-35.7,2.24,3.42,1.16,0.13,4.5
288,-37,2.34,3.29,1.11,0,3.31
289,-38.3,2.15,3.63,1.33,0,2.75
290,-38.3,2.47,3.54,1.35,0,2
291,-38.3,2.2,4.54,1.4,0,1.69
292,-38.6,1.75,4.83,1.09,0,3.31
293,-39.4,2.73,4.84,1.23,0,1.69
294,-40,1.64,5.14,1.35,0,1.31
295,-38.9,2.16,4.84,1.07,0,3.44
296,-38.5,3.28,4.94,1.04,0,8
297,-37.1,3.76,4.98,0.79,0,7.63
298,-37.7,2.9,4.76,0.83,0,8
299,-38.3,3.03,4.86,0.83,0,8
300,-36.6,3.57,4.86,0.82,0,7.69
301,-37.2,2.86,5.04,0.97,0,8
302,-36.3,3.49,4.82,0.91,0.38,8
303,-34.5,3.4,4.55,0.9,0.5,8
304,-34.4,2.29,4.57,0.96,0.13,8
305,-33.5,3.19,4.5,0.8,0,8
306,-35,3.52,4.69,0.93,0,8
307,-33.2,3.21,4.81,0.91,0,8
308,-31.8,3.88,4.65,0.79,0,8
309,-30,3.05,4.84,0.86,0,8
310,-31.4,3.81,4.82,0.87,0,8
311,-31.6,3.6,4.76,0.94,0,8
312,-29.8,3.74,4.65,0.86,0,8
313,-27.9,3.77,4.83,0.88,0,8
314,-27.9,3.77,4.98,0.92,0.38,8
315,-26.4,3.82,4.75,0.86,0.5,8
316,-25.7,3.75,4.82,0.84,0.13,7.81
317,-25.4,3.98,4.84,0.83,0,6.81
318,-25.4,3.92,5.08,0.85,0.88,5.75
319,-23,3.87,5.04,0.98,1.38,4.56
320,-20.3,3.93,4.81,0.94,0.63,3.69
321,-18.5,3.75,4.87,0.89,0.13,2.63
322,-17.1,4.01,4.75,0.89,0,1.56
323,-29.2,3.37,4.72,0.75,0,1.13
324,-42.3,1.89,4.06,0.7,0,4.31
325,-44.7,1.8,4.01,0.84,0,5.25
326,-43.1,2.91,3.98,0.51,0.25,4.38
327,-42.6,3.3,4.07,0.55,0.5,3.75
328,-43.4,2.62,4.15,0.59,0.25,2.75
329,-45.7,1.83,4.36,0.99,0,1.63
330,-46.1,1.34,4.29,0.88,0.38,2.19
331,-39.4,2.95,4.28,0.91,0.5,4.31
332,-45.9,1.93,4.38,1.27,0.13,1.63
333,-38.6,2.89,4.41,0.61,0.38,3.13
334,-35,2.91,4.17,0.52,1.5,1.5
335,-36.2,3.66,4.4,0.56,2.13,3.31
336,-32.2,3.47,4.27,0.55,1.25,5.88
337,-30,4.07,4.34,0.52,0.5,5.5
338,-38.2,2.48,4.4,0.72,0.25,4.38
339,-36,3.42,4.39,0.71,0.75,4
340,-32,4,4.42,0.66,1.88,2.38
341,-33,4.05,4.34,0.54,1.75,2.31
342,-43.2,1.73,4.5,1.14,0.63,1.94
343,-42,1.52,4.9,1.09,0,1.31
344,-38.6,1.42,5.49,0.96,0,3.25
345,-35.2,2.95,5.37,0.92,0,2.56
346,-36.1,3.58,5.07,0.92,0,1.56
347,-34,3.53,4.99,0.96,0,3.06
348,-30.5,3.48,5.66,0.93,0,2.56
349,-30.5,4.16,5.23,0.92,0.38,2.25
350,-30.4,4.2,4.99,0.75,0.5,2
351,-32.6,4.04,4.64,0.64,0.75,3.25
352,-29.8,4.16,4.74,0.63,1.5,2.13
353,-27.6,4.04,5.13,0.66,0.88,1.75
354,-28.3,4.12,5.25,0.65,0,0.94
355,-30.6,3.22,6.11,1.16,0,2.56
356,-28.2,3.57,6.55,1.06,0,3.56
357,-28.2,3.34,6.37,1.11,0,6.75
358,-26.1,3.15,5.95,1.18,0,8
359,-23.2,3.04,5.93,1.06,0,8
360,-22,3.11,5.55,1.12,0,8
361,-22.7,3.1,5.85,1.14,0,8
362,-22.8,3.19,5.8,1.05,0,8
363,-23.8,3.09,6.28,1.13,0,7.19
364,-24.8,2.86,6.21,1.31,0,8
365,-22.5,2.86,5.64,1.34,0,8
366,-23,2.95,5.56,1.2,0,8
367,-23.1,2.86,5.15,1.14,0,8
368,-23.5,2.86,5.69,1.39,0,8
369,-22.2,2.86,5.61,1.29,0,8
370,-23.3,2.86,5.46,1.19,0,8
371,-23.3,2.99,5.64,1.15,0,8
372,-21.5,2.92,5.52,1.25,0,8
373,-23.2,2.89,5.58,1.27,0,8
374,-19.7,2.86,5.26,1.18,0,8
375,-22.6,2.92,5.44,1.22,0,8
376,-19.7,2.86,5.3,1.15,0,8
377,-21.7,3.04,5.56,1.17,0,8
378,-19,2.86,5.35,1.04,0,7.94
379,-22.5,2.86,5.55,1.33,0,7.44
380,-24.3,2.86,5.61,1.3,0,7
381,-22.5,2.92,5.87,1.22,0,5.5
382,-19.4,2.86,5.32,1.04,0,5.25
383,-22.2,2.86,5.52,1.23,0,3.81
384,-22.5,2.89,5.49,1.15,0,4.19
385,-21.2,2.89,5.05,0.94,0.38,6.06
386,-23.1,2.78,4.77,0.87,0.5,6.63
387,-28.4,2.86,4.24,1.09,0.13,8
388,-30.8,2.86,4.2,1.04,0.13,8
389,-32.1,2.86,4.17,0.88,0.5,7.94
390,-35.2,2.89,4.1,0.99,0.38,7.75
391,-38.7,2.85,3.88,1.01,0,8
392,-40.1,2.41,3.87,0.96,0.25,8
393,-40.7,2.28,3.99,1.05,0.5,8
394,-41.1,2.09,4.08,1.16,0.25,8
395,-42.6,2.47,3.95,1.16,0,7.63
396,-43.1,1.5,3.88,1.13,0,8
397,-43,2.35,3.75,1.02,0,7.69
398,-42.4,1.81,3.94,1.12,0,8
399,-42,1.93,4.04,1.12,0,8
400,-43.6,1.74,3.96,1.16,0,8
401,-44.7,1.77,4.12,1.27,0,8
402,-45.2,1.44,4.22,1.39,0,7.94
403,-47.2,1.56,4.28,1.54,0,7.5
404,-47.5,1.27,4.46,1.55,0,8
405,-47.8,1.29,4.07,1.53,0,8
406,-48.2,1.19,4.28,1.53,0,7.75
407,-47.8,1.48,4.19,1.61,0,6.88
408,-48.7,1.5,4.2,1.71,0,6.06
409,-47.7,1.5,3.93,1.52,0,5.38
410,-48,1.44,4.3,1.76,0,5.69
411,-48.9,1.76,4.73,1.78,0,5.13
412,-49.5,1.58,4.78,1.83,0,6.56
413,-50.9,1.35,4.95,1.9,0,6
414,-50.8,1.52,4.92,1.85,0,5.44
415,-51.8,1.58,4.49,1.86,0,5.38
416,-52.8,1.62,5.08,1.82,0,3.25
417,-53.3,1.29,4.61,1.99,0,3.19
418,-54.7,1.75,4.55,2.01,0,2.5
419,-56.5,1.81,4.16,2.01,0,3.31
420,-57.9,1.73,3.65,1.78,0,4.75
421,-59.5,1.37,3.08,1.84,0,4
422,-59.7,1.54,2.99,1.82,0,3.38
423,-60.6,1.19,3.31,1.71,0,1.69
424,-61.1,1.69,2.73,1.37,0,2.13
425,-61.5,1.37,3.23,1.84,0,2.31
426,-61,1.53,3.24,1.81,0,2.56
427,-61.2,1.37,3.57,1.93,0,1.31
428,-62.9,1.17,2.84,1.85,0,1
429,-60,1.89,3.21,1.96,0,0.88
430,-56.9,1.77,4.48,2.36,0,0.88
431,-56.2,1.27,3.76,2.2,0,1.75
432,-56.6,1.6,3.58,2.14,0,1
433,-60.6,1.44,2.82,1.73,0,1.25
434,-55.8,1.66,4.23,1.86,0,3.5
435,-52.5,1.37,4.56,1.88,0,3.31
436,-54.5,1.77,4.53,1.84,0,1.31
437,-54.8,1.48,4.26,2.09,0,2.81
438,-53.4,2,5.04,2.01,0,2.31
439,-50,1.59,5.1,1.66,0,4.44
440,-48.4,1.89,5.4,1.62,0,3.06
441,-51.7,1.56,4.76,2.1,0,2.38
442,-52.9,1.52,4.64,2.03,0,1.38
443,-54.1,1.44,4.5,1.74,0,2.06
444,-55.7,1.35,3.92,1.83,0,2.31
445,-54.6,1.37,3.91,1.82,0,1
446,-57.2,1.52,3.27,1.57,0,0.56
447,-56.5,1.44,4.06,1.83,0,0.56
448,-54.5,1.67,4.11,1.83,0,0.56
449,-53,1.54,4.55,1.79,0,0.56
450,-54.2,1.56,4.5,1.63,0,0.56
451,-54.1,1.59,4.08,1.99,0,1
452,-51,1.48,4.24,1.76,0,0.44
453,-44.7,1.85,3.69,1.64,0.13,1.88
454,-44.4,1.91,4.45,1.59,0.5,3.25
455,-41,1.59,4.27,1.5,0.38,3.81
456,-41.6,1.42,4.84,1.47,0.13,1.75
457,-39.4,1.98,3.42,1.13,0.5,1.63
458,-47.1,1.85,4.42,1.46,0.38,2.19
459,-47.5,2.05,5.16,1.22,0,1.25
460,-51.3,1.44,4.7,1.72,0,0.81
461,-45.1,1.78,5.65,1.09,0,2.56
462,-42.1,2.5,5.82,0.77,0,1.63
463,-42.4,2.51,5.63,1,0,0.63
464,-40.2,4.83,5.64,0.52,0,1.19
465,-41.6,4.94,5.76,0.58,0,1
466,-44.1,1.93,5.59,0.87,0,0.69
467,-41.8,2.68,5.47,0.9,0,1.38
468,-41.2,1.78,5.69,0.69,0,1.63
469,-43,3.45,5.64,0.74,0,4.06
470,-43.7,1.89,5.44,1.02,0,3.44
471,-43.2,1.85,5.24,0.97,0,3.94
472,-45.1,1.27,5.51,1.04,0,3.44
473,-43.4,2.58,5.46,0.95,0,4.13
474,-45.2,1.75,5.48,0.91,0,2.69
475,-43.8,2.41,5.49,1.01,0,2.25
476,-45.8,1.63,5.57,0.97,0,1.38
477,-46.1,2.46,5.25,1.08,0,2.38
478,-46.1,1.6,5.06,1.21,0,1.88
479,-47.7,2.08,4.82,1.36,0,1.31
480,-48.3,1.85,5.04,1.48,0,1.06
481,-48.7,1.7,4.81,1.33,0,0.5
482,-46,1.52,4.6,0.93,0,0.56
483,-47.7,1.34,4.67,1.26,0,0.44
484,-48.6,1.92,4.54,1.37,0,0.5
485,-47.2,1.75,5.03,1.18,0,1.06
486,-50.3,1.37,4.59,1.43,0,1.06
487,-48.2,1.34,4.56,1.55,0,0.63
488,-47.5,1.8,4.32,1.46,0,0.44
489,-48.9,1.47,4.98,1.62,0,0.69
490,-46.1,1.66,5.04,1.34,0,0.56
491,-47.4,1.91,4.52,1.03,0,0.63
492,-51.1,1.84,4.52,1.63,0,0.5
493,-49.7,1.62,4.57,1.55,0,0.69
494,-46.8,1.62,4.6,1.28,0,1.06
495,-47.8,1.64,4.72,1.26,0,1
496,-51,1.7,4.51,1.36,0,0.44
497,-50,1.59,4.52,1.45,0,0.31
498,-50.7,1.93,4.75,1.49,0,0.63
499,-49.3,1.7,4.63,1.23,0,0.31
500,-50,1.73,5.04,1.53,0,1.5
501,-50,1.37,5.01,1.3,0,1
502,-50,1.75,4.57,1.63,0,0.88
503,-49.4,1.7,4.35,1.43,0,0.88
504,-50.6,1.83,4.67,1.4,0,0.63
505,-51.5,1.58,4.71,1.68,0,1.06
506,-52.5,1.27,4.92,1.49,0,0.44
507,-52,1.94,4.82,1.56,0,0.5
508,-50.3,1.78,5.1,1.42,0,0.38
509,-48.4,1.29,4.69,1.35,0,4.38
510,-43.9,1.29,4.58,1.21,0,6.94
511,-42.4,1.27,4.53,1.04,0,8
512,-44.4,1.4,4.41,1.18,0,8
513,-44.3,1.68,4.52,1.19,0,6.19
514,-44.7,1.29,4.46,1.27,0,8
515,-42.6,1.48,4.48,1.03,0,8
516,-43.3,2.13,4.59,1.1,0,7.94
517,-44.2,1.29,4.4,1.13,0,7.25
518,-44.4,1.37,4.54,1.03,0,6
519,-45.8,1.27,4.34,1.18,0,5.38
520,-44,1.5,4.29,1.19,0,4.13
521,-46.3,1.48,3.98,1.22,0,3.56
522,-46.6,1.48,4.17,1.03,0,1.69
523,-50.4,1.5,3.86,1.33,0,1.63
524,-56.3,1.52,3.5,1.43,0,3.13
525,-56.9,1.6,3.68,1.65,0,2.44
526,-59.9,1.7,3.43,1.64,0,3.63
527,-60,1.45,3.28,1.46,0,6.13
528,-58.8,2.01,3.63,1.56,0,3.81
529,-59.2,1.54,3.38,1.64,0,4.56
530,-60.8,1.64,3.03,1.42,0,3.06
531,-60.5,1.52,3.08,1.42,0,3.44
532,-61.7,1.56,2.76,1.33,0,2.25
533,-63.1,1.92,2.39,1.13,0,3.75
534,-65.4,1.56,2.54,1.31,0,2.88
535,-67.5,1.45,2.71,1.36,0,1.38
536,-70.8,1.5,2.66,1.17,0,1.38
537,-74.7,1.85,2.62,1.18,0,0.25
538,-84.3,1.98,2.9,1.23,0,0.25
539,-100,3,4,1,0,0.25
540,-100,3,4,1,0,0.25
